City ID,city,cloud,country,date,humidity,lat,long,temperature,speed
0,albany,99,US,1624909255,59,42.6001,-73.9662,90.84,8.5
1,ushuaia,20,AR,1624909164,65,-54.8,-68.3,44.26,25.32
2,vostok,31,RU,1624909256,96,46.4856,135.8833,57.07,3.67
3,cabo san lucas,20,MX,1624909001,48,22.8909,-109.9124,88.77,8.05
4,carbonia,31,IT,1624909257,83,39.1672,8.5222,78.44,6.11
5,punta arenas,0,CL,1624909258,71,-53.15,-70.9167,46.51,9.22
6,kenai,90,US,1624909258,84,60.5544,-151.2583,53.74,12.66
7,rongcheng,4,CN,1624909259,96,30.634,117.8517,73.76,2.39
8,maykor,16,RU,1624909259,96,59.0059,55.88,66.04,5.75
9,nyurba,100,RU,1624909260,83,63.2842,118.3319,58.93,2.82
10,grand gaube,0,MU,1624909260,77,-20.0064,57.6608,72.37,1.99
11,sambava,13,MG,1624909261,88,-14.2667,50.1667,70.07,10.76
12,tautira,34,PF,1624909261,72,-17.7333,-149.15,82.42,15.88
13,atuona,0,PF,1624909262,69,-9.8,-139.0333,79.34,21.74
14,sitia,0,GR,1624909262,74,35.2,26.0986,79.11,15.82
15,mehamn,100,NO,1624909263,84,71.0357,27.8492,48.38,13.02
16,castro,100,BR,1624909263,92,-24.7911,-50.0119,43.77,8.3
17,lebu,9,CL,1624909264,52,-37.6167,-73.65,51.22,2.26
18,muros,28,ES,1624909264,79,42.7762,-9.0603,62.1,9.17
19,busselton,100,AU,1624909264,77,-33.65,115.3333,51.04,20.22
20,nanortalik,100,GL,1624909265,98,60.1432,-45.2371,41.36,8.03
21,mar del plata,90,AR,1624909151,62,-38.0023,-57.5575,48.43,18.01
22,aktash,93,RU,1624909266,84,50.3,87.7333,41.81,3.36
23,bluff,10,NZ,1624909266,55,-46.6,168.3333,42.8,20.38
24,qaanaaq,98,GL,1624909267,82,77.484,-69.3632,37.76,5.19
25,faya,70,SA,1624909268,52,18.3851,42.4509,70.32,0.67
26,saskylakh,100,RU,1624909268,70,71.9167,114.0833,40.78,10.13
27,ouadda,100,CF,1624909269,96,8.0777,22.4007,68.61,2.82
28,yerbogachen,91,RU,1624909269,95,61.2767,108.0108,53.71,2.62
29,tiksi,100,RU,1624909270,96,71.6872,128.8694,31.5,6.8
30,puerto ayora,80,EC,1624909270,87,-0.7393,-90.3518,75.54,5.99
31,cherskiy,50,RU,1624909271,35,68.75,161.3,76.37,10.92
32,mataura,28,NZ,1624909271,81,-46.1927,168.8643,42.48,5.77
33,marathon,75,US,1624909272,63,44.9,-89.7668,79.57,10.36
34,port alfred,36,ZA,1624909272,81,-33.5906,26.891,58.24,14.79
35,rikitea,100,PF,1624909273,73,-23.1203,-134.9692,74.64,8.39
36,new milford,40,US,1624909273,53,40.9327,-74.0179,92.17,5.99
37,kanye,0,BW,1624909274,28,-24.9667,25.3327,58.5,7.72
38,uyuni,0,BO,1624909274,11,-20.4597,-66.825,44.35,15.82
39,dikson,2,RU,1624909275,85,73.5069,80.5464,33.94,10.74
40,provideniya,90,RU,1624909275,81,64.3833,-173.3,48.31,15.66
41,usinsk,94,RU,1624909276,56,65.9939,57.5281,54.95,7.65
42,lavrentiya,100,RU,1624909276,86,65.5833,-171.0,46.0,10.13
43,norman wells,20,CA,1624909277,44,65.282,-126.8329,78.84,13.8
44,aripuana,90,BR,1624909020,59,-9.1667,-60.6333,83.14,3.06
45,georgetown,40,MY,1624909278,90,5.4112,100.3354,78.21,5.01
46,guymon,1,US,1624909278,56,36.6828,-101.4816,73.62,5.75
47,mantua,8,IT,1624909278,60,45.1667,10.7833,82.72,9.46
48,kavieng,100,PG,1624909279,78,-2.5744,150.7967,81.36,11.39
49,moindou,9,NC,1624909279,86,-21.6924,165.677,62.55,6.35
50,belmonte,0,BR,1624909280,69,-15.8631,-38.8828,75.7,8.46
51,eureka,33,US,1624909280,78,40.8021,-124.1637,64.45,8.99
52,saint-philippe,37,RE,1624909281,83,-21.3585,55.7679,68.83,12.08
53,safaga,0,EG,1624909281,42,26.7292,33.9365,93.15,2.89
54,tigpalay,83,PH,1624909282,88,7.4939,122.3431,76.71,1.74
55,sorland,100,NO,1624909282,85,67.667,12.6934,46.47,13.15
56,coquimbo,0,CL,1624909283,51,-29.9533,-71.3436,62.33,10.36
57,hami,0,CN,1624909283,15,42.8,93.45,75.92,10.92
58,butaritari,100,KI,1624909284,77,3.0707,172.7902,81.9,13.15
59,hermanus,100,ZA,1624909284,75,-34.4187,19.2345,46.8,7.74
60,bredasdorp,100,ZA,1624909285,81,-34.5322,20.0403,49.32,8.05
61,jamestown,1,US,1624909285,63,42.097,-79.2353,84.02,3.0
62,haifa,0,IL,1624909273,90,32.8156,34.9892,75.2,1.9
63,camana,32,PE,1624909286,74,-16.6228,-72.7111,65.46,7.11
64,colomi,95,BO,1624909287,76,-17.35,-65.8667,64.42,8.66
65,sain alto,100,MX,1624909287,46,23.5833,-103.25,71.8,17.16
66,kununurra,39,AU,1624909055,82,-15.7667,128.7333,57.18,0.0
67,bonavista,99,CA,1624909288,88,48.6499,-53.1147,59.0,22.48
68,miravci,5,MK,1624909288,70,41.3078,22.435,73.63,4.41
69,thompson,75,CA,1624909289,38,55.7435,-97.8558,78.96,12.66
70,barrow,90,US,1624909289,80,71.2906,-156.7887,33.82,10.36
71,alofi,40,NU,1624909290,73,-19.0595,-169.9187,69.69,14.97
72,vila franca do campo,6,PT,1624909290,83,37.7167,-25.4333,70.21,6.13
73,gornopravdinsk,36,RU,1624909291,97,60.05,69.9,56.25,5.1
74,nemuro,100,JP,1624909291,94,43.3236,145.575,53.74,6.53
75,ilulissat,75,GL,1624909292,93,69.2167,-51.1,39.22,12.66
76,codrington,100,AU,1624909292,87,-38.2667,141.9667,42.21,9.51
77,irbit,52,RU,1624909293,70,57.6705,63.071,68.18,8.75
78,lagoa,5,PT,1624909293,86,39.05,-27.9833,69.26,13.53
79,kutahya,0,TR,1624909010,83,39.4242,29.9833,67.95,4.16
80,churapcha,50,RU,1624909294,61,62.0025,132.4325,66.7,5.35
81,esperance,1,AU,1624909295,77,-33.8667,121.9,55.24,17.2
82,hithadhoo,73,MV,1624909295,73,-0.6,73.0833,82.29,7.4
83,arona,20,ES,1624909295,69,28.0996,-16.681,64.42,4.0
84,umm kaddadah,71,SD,1624909296,25,13.6017,26.6876,94.84,6.87
85,huntington,20,US,1624909165,64,38.4193,-82.4452,91.76,1.99
86,saint-pierre,0,RE,1624909297,72,-21.3393,55.4781,68.94,8.05
87,birao,92,CF,1624909298,65,10.2849,22.7882,79.68,6.11
88,hollister,1,US,1624909299,44,36.8525,-121.4016,75.85,4.61
89,bria,100,CF,1624909300,95,6.5423,21.9863,69.89,4.68
90,oktyabrskoye,100,RU,1624909300,88,43.0645,44.7417,69.94,6.71
91,whitehorse,20,CA,1624909301,31,60.7161,-135.0538,77.58,8.01
92,omsukchan,61,RU,1624909301,53,62.5333,155.8,63.14,7.92
93,port elizabeth,90,ZA,1624909302,82,-33.918,25.5701,57.49,19.57
94,bremerhaven,100,DE,1624909302,89,53.55,8.5833,75.34,6.06
95,broome,1,US,1624909303,54,42.2506,-75.833,91.29,4.0
96,paamiut,44,GL,1624909303,82,61.994,-49.6678,38.93,15.19
97,klaksvik,67,FO,1624909304,96,62.2266,-6.589,50.92,13.09
98,avarua,75,CK,1624909283,60,-21.2078,-159.775,73.45,13.8
99,east london,0,ZA,1624909305,73,-33.0153,27.9116,61.56,13.27
100,frankfort,0,ZA,1624909305,36,-27.2667,28.4833,52.86,6.71
101,sioux lookout,40,CA,1624909306,53,50.1001,-91.917,77.07,6.91
102,seymchan,31,RU,1624909306,49,62.8833,152.4333,71.51,6.26
103,petropavlovsk-kamchatskiy,75,RU,1624909307,100,53.0452,158.6483,46.99,2.24
104,arraial do cabo,0,BR,1624909068,57,-22.9661,-42.0278,78.66,8.05
105,nome,90,US,1624909308,76,64.5011,-165.4064,50.07,16.11
106,bouza,100,NE,1624909308,33,14.4229,6.0428,94.17,12.68
107,new norfolk,5,AU,1624909309,89,-42.7826,147.0587,38.89,3.02
108,chokurdakh,100,RU,1624909309,80,70.6333,147.9167,42.04,15.03
109,severo-kurilsk,96,RU,1624909310,89,50.6789,156.125,47.23,8.41
110,kaitangata,48,NZ,1624909311,43,-46.2817,169.8464,43.93,17.18
111,dakar,0,SN,1624909149,78,14.6937,-17.4441,82.53,4.61
112,yellowknife,20,CA,1624909312,40,62.456,-114.3525,74.41,7.0
113,richards bay,3,ZA,1624909313,31,-28.783,32.0377,72.14,11.63
114,wad madani,99,SD,1624909313,43,14.4012,33.5199,90.32,17.83
115,souillac,20,MU,1624909314,73,-20.5167,57.5167,71.98,9.22
116,prince george,1,CA,1624909314,34,53.9166,-122.753,94.66,1.01
117,pangnirtung,90,CA,1624909315,87,66.1451,-65.7125,41.0,18.41
118,flin flon,75,CA,1624909315,36,54.7682,-101.865,82.24,9.22
119,hot springs,95,US,1624909198,65,34.5037,-93.0552,86.86,1.01
120,tazmalt,92,DZ,1624909316,45,36.3868,4.3989,81.64,5.53
121,tanete,50,ID,1624909317,96,-3.9443,119.7848,73.81,4.79
122,bambous virieux,20,MU,1624909317,73,-20.3428,57.7575,71.85,9.22
123,glasgow,76,GB,1624909193,56,55.8652,-4.2576,66.36,8.05
124,tatawin,14,TN,1624909318,21,32.9297,10.4518,106.68,13.22
125,tabuk,100,PH,1624909319,89,17.4189,121.4443,72.72,4.47
126,hilo,40,US,1624909029,59,19.7297,-155.09,79.39,4.61
127,chipinge,0,ZW,1624909320,51,-20.1883,32.6236,56.26,3.94
128,lompoc,20,US,1624909167,74,34.6391,-120.4579,67.84,12.66
129,aransas pass,1,US,1624909321,75,27.9095,-97.15,84.27,3.0
130,mongoumba,100,CF,1624909321,86,3.6415,18.5936,72.09,2.08
131,ribeira grande,40,PT,1624909322,88,38.5167,-28.7,70.2,13.8
132,asosa,100,ET,1624909322,94,10.0667,34.5333,62.04,3.6
133,porosozero,100,RU,1624909323,67,62.7191,32.727,61.43,4.03
134,mazurivka,73,UA,1624909323,76,49.2745,24.2123,63.39,1.21
135,tarumovka,67,RU,1624909324,74,44.0761,46.5361,75.87,22.68
136,houma,75,US,1624909042,81,29.5958,-90.7195,81.37,4.61
137,sao filipe,17,CV,1624909324,80,14.8961,-24.4956,76.05,11.56
138,meulaboh,100,ID,1624909325,88,4.1363,96.1285,75.9,4.7
139,isangel,6,VU,1624909325,84,-19.55,169.2667,73.92,2.91
140,manado,20,ID,1624909125,94,1.487,124.8455,74.17,1.14
141,kodiak,90,US,1624909326,76,57.79,-152.4072,53.11,5.75
142,sistranda,100,NO,1624909327,88,63.7256,8.834,53.56,11.18
143,manono,60,CD,1624909327,38,-7.3,27.4167,73.27,4.81
144,hobart,3,AU,1624909218,95,-42.8794,147.3294,38.39,9.22
145,touros,11,BR,1624909328,71,-5.1989,-35.4608,81.5,18.99
146,ayan,54,RU,1624909328,91,56.45,138.1667,52.81,4.23
147,saint george,1,US,1624909135,15,37.1041,-113.5841,97.3,1.99
148,tamworth,100,GB,1624909329,87,52.634,-1.6959,57.79,1.99
149,torbay,90,CA,1624909330,97,47.6666,-52.7314,59.92,16.11
150,lorengau,94,PG,1624909330,80,-2.0226,147.2712,81.1,5.59
151,victoria,100,HK,1624909250,94,22.2855,114.1577,84.74,1.99
152,tabou,100,CI,1624909331,85,4.423,-7.3528,77.5,8.01
153,bilibino,19,RU,1624909331,35,68.0546,166.4372,74.8,7.09
154,staryy nadym,53,RU,1624909332,70,65.6118,72.6842,44.96,4.88
155,talnakh,100,RU,1624909332,89,69.4865,88.3972,48.36,5.06
156,vao,14,NC,1624909333,80,-22.6667,167.4833,71.76,17.85
157,rio grande,50,BR,1624909333,62,-32.035,-52.0986,48.94,22.95
158,ancud,70,CL,1624909334,73,-41.8697,-73.8203,47.73,8.12
159,caravelas,0,BR,1624909334,68,-17.7125,-39.2481,71.55,4.7
160,cockburn town,40,TC,1624909335,66,21.4612,-71.1419,85.96,16.11
161,kapaa,20,US,1624909268,71,22.0752,-159.319,80.78,4.0
162,telsiai,98,LT,1624909336,93,55.9814,22.2472,59.31,7.09
163,kahului,20,US,1624909336,59,20.8947,-156.47,81.77,14.97
164,bosaso,7,SO,1624909337,39,11.2842,49.1816,92.01,10.85
165,aldan,96,RU,1624909337,76,58.6031,125.3894,60.91,4.0
166,kushima,7,JP,1624909338,94,31.4583,131.2333,74.12,3.44
167,carnarvon,0,AU,1624909338,65,-24.8667,113.6333,53.67,4.61
168,remerschen,20,LU,1624909339,77,49.4886,6.3517,69.19,6.91
169,atar,32,MR,1624909339,8,20.5169,-13.0499,101.55,11.56
170,road town,40,VG,1624909131,74,18.4167,-64.6167,84.25,11.5
171,vaini,20,TO,1624909340,83,-21.2,-175.2,71.76,8.05
172,tasiilaq,100,GL,1624909340,95,65.6145,-37.6368,41.16,16.11
173,bolshevik,80,BY,1624909341,91,54.0065,27.5692,67.62,7.54
174,wilhelmshaven,96,DE,1624909341,94,53.5167,8.1333,69.08,8.48
175,longyearbyen,75,SJ,1624909342,70,78.2186,15.6401,42.64,12.66
176,melilla,0,ES,1624909342,46,35.2937,-2.9383,75.58,16.11
177,khatanga,98,RU,1624909343,80,71.9667,102.5,43.74,16.35
178,suihua,100,CN,1624909343,86,46.6406,126.9969,66.2,0.2
179,dubrovnik,0,HR,1624909344,47,42.6481,18.0922,80.24,8.05
180,walvis bay,15,NA,1624909344,88,-22.9575,14.5053,56.35,2.3
181,cape town,75,ZA,1624909217,94,-33.9258,18.4232,50.74,1.01
182,slave lake,1,CA,1624909345,48,55.2834,-114.769,87.78,8.05
183,coria,0,ES,1624909346,38,39.9879,-6.5377,71.29,10.11
184,mayor pablo lagerenza,100,PY,1624909346,40,-19.9309,-60.7718,51.12,8.37
185,kalevala,92,RU,1624909347,62,65.2,31.1667,58.78,4.05
186,tuktoyaktuk,40,CA,1624909347,68,69.4541,-133.0374,64.4,23.02
187,huarmey,82,PE,1624909348,73,-10.0681,-78.1522,69.03,10.67
188,garowe,94,SO,1624909348,63,8.4054,48.4845,77.36,19.37
189,tiarei,29,PF,1624909349,72,-17.5333,-149.3333,82.42,16.71
190,nikolskoye,100,RU,1624909349,93,59.7035,30.7861,65.88,9.44
191,nantucket,1,US,1624909350,85,41.2835,-70.0995,76.64,16.11
192,rio claro,30,BR,1624909350,38,-22.4114,-47.5614,80.42,2.93
193,akdepe,10,TM,1624909351,18,42.0551,59.3788,86.09,10.74
194,katsuura,100,JP,1624909351,97,35.1333,140.3,69.85,22.32
195,katherine,35,AU,1624909352,67,-14.4667,132.2667,62.92,6.91
196,aubenas,14,FR,1624909352,79,44.6201,4.3899,68.56,2.93
197,adre,100,TD,1624909352,51,13.4667,22.2,78.4,8.7
198,sulphur springs,90,US,1624909353,65,33.1385,-95.6011,82.87,11.5
199,svetlaya,100,RU,1624909353,98,46.5389,138.3297,51.57,7.99
200,iqaluit,90,CA,1624909354,81,63.7506,-68.5145,44.33,14.97
201,grushevskaya,0,RU,1624909354,94,47.4406,39.9511,72.48,4.47
202,antalaha,7,MG,1624909355,87,-14.9003,50.2788,68.83,6.85
203,muisne,77,EC,1624909355,82,0.6,-80.0333,84.31,11.74
204,benguela,24,AO,1624909356,89,-12.5763,13.4055,70.99,3.11
205,alyangula,12,AU,1624909356,100,-13.8483,136.4192,62.47,3.44
206,tarakan,31,ID,1624909357,81,3.3,117.6333,77.61,4.38
207,sorong,97,ID,1624909357,87,-0.8833,131.25,76.98,4.29
208,ahipara,90,NZ,1624909358,72,-35.1667,173.1667,54.91,18.1
209,saint anthony,90,US,1624909358,84,45.0205,-93.218,72.79,5.75
210,salinas,1,US,1624909120,67,36.6777,-121.6555,66.96,10.36
211,la ronge,40,CA,1624909359,34,55.1001,-105.2842,84.45,5.75
212,eyl,32,SO,1624909360,81,7.9803,49.8164,77.72,20.02
213,sechura,45,PE,1624909360,58,-5.5569,-80.8222,78.08,14.36
214,poya,9,NC,1624909361,89,-21.35,165.15,68.36,4.68
215,clyde river,75,CA,1624909361,87,70.4692,-68.5914,37.63,17.27
216,shenjiamen,56,CN,1624909362,94,29.9576,122.298,74.14,6.73
217,basco,100,PH,1624909362,83,20.4487,121.9702,83.7,22.21
218,bengkulu,92,ID,1624909363,92,-3.8004,102.2655,74.37,4.88
219,port lincoln,99,AU,1624909363,57,-34.7333,135.8667,51.26,14.36
220,otjimbingwe,6,NA,1624909364,34,-22.35,16.1333,61.66,1.72
221,awjilah,0,LY,1624909364,22,29.1081,21.2869,92.03,15.17
222,marzuq,40,YE,1624909365,41,14.4,46.4667,79.36,6.38
223,san patricio,94,US,1624909365,52,28.017,-97.5169,85.17,7.02
224,zirovnice,55,CZ,1624909366,78,49.2532,15.1882,70.02,7.76
225,kangaatsiaq,100,GL,1624909366,86,68.3065,-53.4641,36.66,14.0
226,vardo,0,NO,1624909367,93,70.3705,31.1107,46.38,5.75
227,lata,12,PT,1624909367,79,40.1629,-8.3327,61.84,6.11
228,sitka,1,US,1624909368,68,57.0531,-135.33,66.09,0.0
229,cidreira,99,BR,1624909368,60,-30.1811,-50.2056,50.85,16.89
230,upernavik,100,GL,1624909369,86,72.7868,-56.1549,35.85,6.6
231,adrar,8,MR,1624909369,7,20.5022,-10.0711,101.03,14.52
232,auki,82,SB,1624909370,89,-8.7676,160.7034,75.33,5.44
233,cabo rojo,72,PR,1624909370,76,18.0866,-67.1457,82.02,5.01
234,bonfim,45,BR,1624909371,54,3.0833,-59.95,88.27,3.22
235,airai,8,TL,1624909371,81,-8.9266,125.4092,54.18,3.96
236,mount isa,57,AU,1624909372,82,-20.7333,139.5,51.57,4.61
237,vargem alta,3,BR,1624909372,77,-20.6714,-41.0069,64.71,1.23
238,praia da vitoria,40,PT,1624909373,73,38.7333,-27.0667,73.65,12.86
239,bitung,80,ID,1624909373,83,1.4451,125.1824,74.25,6.69
240,deputatskiy,100,RU,1624909361,77,69.3,139.9,56.34,5.57
241,lamar,100,US,1624909123,74,33.6668,-95.5836,83.41,11.45
242,jalu,0,LY,1624909374,20,29.0331,21.5482,92.71,13.38
243,venustiano carranza,90,MX,1624909375,59,19.43,-99.0992,67.33,10.0
244,marang,98,MY,1624909375,83,5.2056,103.2059,75.11,2.08
245,san jose,20,US,1624909104,55,37.3394,-121.895,78.1,9.22
246,bethel,1,US,1624909370,60,41.3712,-73.414,90.82,11.5
247,ponta do sol,0,PT,1624909376,79,32.6667,-17.1,70.29,2.21
248,moba,73,CN,1624909377,82,33.2288,105.0179,61.97,5.77
249,fort nelson,20,CA,1624909377,45,58.8053,-122.7002,83.79,6.91
250,dingle,28,PH,1624909378,89,10.9995,122.6711,76.14,1.79
251,kirakira,100,SB,1624909379,82,-10.4544,161.9205,76.53,6.33
252,sigli,99,ID,1624909379,81,5.3848,95.9609,77.45,4.97
253,ygatimi,92,PY,1624909380,39,-24.0833,-55.5,52.18,3.11
254,quatre cocos,3,MU,1624909381,74,-20.2078,57.7625,72.09,13.85
255,sao joao da barra,2,BR,1624909382,81,-21.6403,-41.0511,77.09,14.94
256,praia,0,CV,1624909382,65,14.9215,-23.5087,81.14,14.97
257,gubkinskiy,6,RU,1624909382,64,64.434,76.5026,45.34,8.46
258,kambove,42,CD,1624909383,47,-10.8764,26.5969,58.01,4.27
259,caruray,57,PH,1624909383,84,10.3094,119.0128,78.69,2.84
260,perth,90,AU,1624909384,93,-31.9333,115.8333,57.81,9.22
261,kasongo,13,CD,1624909384,34,-4.45,26.6667,75.09,4.29
262,banda aceh,90,ID,1624909385,79,5.5577,95.3222,79.88,8.95
263,yulara,90,AU,1624909385,57,-25.2406,130.9889,48.04,4.61
264,pevek,100,RU,1624909386,91,69.7008,170.3133,38.88,4.79
265,bilma,9,NE,1624909386,11,18.6853,12.9164,95.47,4.68
266,hof,69,DE,1624909387,82,50.3167,11.9167,70.11,5.55
267,karatsu,41,JP,1624909387,64,33.4425,129.9697,73.81,5.99
268,sharan,86,RU,1624909388,67,54.8167,54.0,74.8,2.71
269,chuy,100,UY,1624909388,86,-33.6971,-53.4616,44.46,22.12
270,mahon,0,ES,1624909389,83,39.8885,4.2658,73.96,3.44
271,saint-georges,20,GD,1624909389,70,12.0564,-61.7485,85.68,23.02
272,florence,0,IT,1624909372,36,43.7667,11.25,82.11,6.91
273,moron,96,AR,1624909390,73,-34.6534,-58.6198,47.66,8.99
274,hasaki,100,JP,1624909391,97,35.7333,140.8333,68.23,19.8
275,rio gallegos,0,AR,1624909391,71,-51.6226,-69.2181,46.45,8.05
276,necochea,100,AR,1624909392,71,-38.5473,-58.7368,48.04,24.16
277,crixas,0,BR,1624909392,21,-14.5489,-49.9692,87.37,3.09
278,los llanos de aridane,75,ES,1624909393,81,28.6585,-17.9182,69.12,19.57
279,siloam springs,75,US,1624909319,75,36.1881,-94.5405,82.31,12.66
280,cerrito,48,CO,1624909393,74,6.8432,-72.694,60.19,2.55
281,launceston,90,AU,1624909394,90,-41.45,147.1667,45.16,2.3
282,menongue,75,AO,1624909394,33,-14.6585,17.691,56.17,4.83
283,xining,95,CN,1624909396,83,36.6167,101.7667,55.51,3.09
284,baykit,95,RU,1624909396,87,61.67,96.37,48.56,3.13
285,portland,1,US,1624909115,22,45.5234,-122.6762,110.19,1.99
286,shingu,100,JP,1624909397,94,33.7333,135.9833,71.91,4.63
287,mabaruma,39,GY,1624909398,92,8.2,-59.7833,78.58,5.48
288,oudtshoorn,100,ZA,1624909398,88,-33.5907,22.2014,48.56,0.96
289,taywarah,0,AF,1624909399,27,33.35,64.4167,55.11,5.5
290,fare,66,PF,1624909399,70,-16.7,-151.0167,80.56,16.55
291,loa janan,100,ID,1624909400,95,-0.583,117.095,72.99,0.78
292,atambua,9,ID,1624909400,85,-9.1061,124.8925,68.2,6.02
293,boali,100,CF,1624909401,85,4.8005,18.1275,76.87,3.96
294,oshkosh,75,US,1624909255,71,44.0247,-88.5426,76.93,5.99
295,namatanai,96,PG,1624909402,81,-3.6667,152.4333,79.57,8.14
296,killybegs,18,IE,1624909402,83,54.6333,-8.45,56.44,7.18
297,port blair,100,IN,1624909403,79,11.6667,92.75,81.72,6.49
298,polunochnoye,69,RU,1624909403,87,60.8697,60.4153,63.64,0.45
299,abha,0,SA,1624909404,64,18.2164,42.5053,70.05,0.0
300,waipawa,100,NZ,1624909404,69,-41.4122,175.5153,39.56,26.02
301,lashio,100,MM,1624909405,100,22.9333,97.75,68.61,0.87
302,acajutla,62,SV,1624909405,74,13.5928,-89.8275,93.54,6.69
303,baicheng,1,CN,1624909406,75,45.6167,122.8167,68.11,2.35
304,kikwit,98,CD,1624909406,27,-5.041,18.8162,74.64,1.41
305,barkot,0,IN,1624909407,82,30.8167,78.2,71.17,3.33
306,port-gentil,75,GA,1624909407,88,-0.7193,8.7815,76.96,6.91
307,ilo,75,PE,1624909407,82,-17.6394,-71.3375,63.46,5.75
308,lac du bonnet,0,CA,1624909408,29,50.2536,-96.0612,73.58,8.48
309,viedma,2,AR,1624909408,60,-40.8135,-62.9967,48.67,8.08
310,ingham,75,US,1624909409,73,42.6,-84.3833,83.61,5.75
311,vanimo,30,PG,1624909409,89,-2.6741,141.3028,76.86,4.23
312,pamanukan,52,ID,1624909410,88,-6.2842,107.8106,75.15,4.38
313,jiutai,54,CN,1624909410,93,44.1525,125.8328,66.54,4.21
314,san cristobal,21,VE,1624909277,60,7.7669,-72.225,77.18,6.33
315,tiznit,0,MA,1624909411,66,29.5833,-9.5,66.88,6.29
316,aksay,100,RU,1624909412,69,47.26,39.87,75.49,8.01
317,luanda,26,AO,1624909231,90,-8.8368,13.2343,72.79,9.78
318,najran,49,SA,1624909413,16,17.4924,44.1277,86.65,1.21
319,madimba,6,TZ,1624909413,84,-10.4,40.3333,71.82,7.52
320,kismayo,13,SO,1624909413,82,-0.3582,42.5454,76.87,12.28
321,curvelo,0,BR,1624909414,27,-18.7564,-44.4308,74.68,2.28
322,palmeira das missoes,6,BR,1624909414,66,-27.8994,-53.3136,41.92,9.71
323,nioro,26,GM,1624909415,48,13.35,-15.75,90.45,9.08
324,butajira,81,ET,1624909415,73,8.1167,38.3667,62.65,4.16
325,guachucal,75,CO,1624909416,59,0.9609,-77.7316,58.48,11.5
326,erzin,0,TR,1624909416,56,36.9559,36.2,78.01,1.45
327,tema,100,GH,1624909417,78,5.667,-0.0166,80.08,12.57
328,kulhudhuffushi,99,MV,1624909417,79,6.6221,73.07,82.2,13.94
329,trud,1,BG,1624909418,61,42.2333,24.7333,79.02,6.91
330,dunedin,95,NZ,1624909418,53,-45.8742,170.5036,41.81,32.99
331,rosetta,0,EG,1624909419,85,31.4044,30.4164,78.62,10.96
332,kloulklubed,100,PW,1624909419,72,7.0419,134.2556,79.3,7.67
333,taltal,0,CL,1624909420,51,-25.4,-70.4833,67.21,3.24
334,miyako,100,JP,1624909420,93,39.6367,141.9525,64.26,1.66
335,mirador,13,BR,1624909421,26,-6.3708,-44.3631,91.22,4.45
336,devonport,85,AU,1624909421,76,-41.1667,146.35,47.08,2.59
337,nampula,0,MZ,1624909422,83,-15.1165,39.2666,67.95,5.75
338,vestmannaeyjar,20,IS,1624909422,93,63.4427,-20.2734,49.19,13.8
339,biak,24,ID,1624909423,86,-0.9131,122.8766,74.57,5.93
340,zhigansk,99,RU,1624909423,85,66.7697,123.3711,52.11,12.93
341,hambantota,77,LK,1624909424,85,6.1241,81.1185,79.32,14.36
342,smolenka,40,RU,1624909424,94,52.1352,113.4974,62.67,4.47
343,san-pedro,85,CI,1624909425,88,4.7485,-6.6363,76.66,6.08
344,santa rosa,89,PH,1624909248,91,14.3122,121.1114,77.43,1.77
345,cervo,90,ES,1624909425,78,43.6702,-7.4101,59.97,14.16
346,jojoima,54,SL,1624909426,89,7.8792,-10.7878,74.23,3.6
347,egvekinot,100,RU,1624909426,75,66.3167,-179.1667,43.16,5.32
348,epinal,100,FR,1624909427,98,48.1833,6.45,63.28,3.15
349,pathein,100,MM,1624909427,89,16.7833,94.7333,79.16,4.9
350,mackay,75,AU,1624909428,88,-21.15,149.2,66.31,12.66
351,hofn,0,IS,1624909428,71,64.2539,-15.2082,53.62,6.91
352,rosarito,26,MX,1624909429,70,32.3333,-117.0333,70.12,8.5
353,benghazi,0,LY,1624909429,59,32.1167,20.0667,82.4,14.16
354,kharan,0,PK,1624909430,6,28.5833,65.4167,91.17,5.66
355,mundo nuevo,100,MX,1624909430,65,18.7,-95.5,85.68,5.86
356,silver city,90,US,1624909431,82,32.7701,-108.2803,60.76,9.22
357,maksatikha,100,RU,1624909431,98,57.797,35.8825,66.52,4.81
358,nam som,100,TH,1624909432,85,17.7704,102.1895,79.61,2.3
359,tuatapere,90,NZ,1624909432,70,-46.1333,167.6833,42.82,9.98
360,ostrovnoy,100,RU,1624909433,71,68.0531,39.5131,58.95,1.9
361,pavlodar,0,KZ,1624909433,72,52.3,76.95,66.0,11.18
362,nichinan,2,JP,1624909434,91,31.6,131.3667,73.76,3.22
363,bonthe,100,SL,1624909434,83,7.5264,-12.505,77.88,7.23
364,valparaiso,0,CL,1624909435,39,-33.0393,-71.6273,68.61,2.3
365,thiruvananthapuram,40,IN,1624909220,94,8.4833,76.9167,80.58,8.05
366,hay river,75,CA,1624909435,56,60.8156,-115.7999,69.78,5.75
367,aykhal,100,RU,1624909436,52,66.0,111.5,56.23,5.61
368,chisinau,0,MD,1624909262,82,47.0056,28.8575,66.63,5.75
369,leningradskiy,100,RU,1624909437,87,69.3833,178.4167,37.35,4.92
370,zacatepec,100,MX,1624909437,71,18.65,-99.2,75.97,3.18
371,bandarbeyla,5,SO,1624909438,80,9.4942,50.8122,77.68,29.62
372,margate,70,GB,1624909438,99,51.3813,1.3862,60.53,7.0
373,gat,0,IL,1624909439,62,31.61,34.7642,81.09,3.87
374,creel,86,MX,1624909439,47,27.75,-107.6333,69.3,7.4
375,solwezi,50,ZM,1624909440,51,-12.1688,26.3894,56.62,2.89
376,port moresby,40,PG,1624909440,88,-9.4431,147.1797,76.42,9.22
377,nedjo,100,ET,1624909441,93,9.5046,35.5019,59.5,1.25
378,kieta,96,PG,1624909441,86,-6.2167,155.6333,77.92,8.41
379,sangar,100,RU,1624909442,97,63.9242,127.4739,61.43,3.42
380,aklavik,75,CA,1624909442,35,68.2191,-135.0107,71.6,9.22
381,bandar,100,ID,1624909443,99,2.05,99.75,70.84,2.3
382,bunbury,100,AU,1624909443,76,-33.3333,115.6333,51.82,22.44
383,merauke,88,ID,1624909444,88,-8.4667,140.3333,77.05,13.85
384,pisco,90,PE,1624909444,88,-13.7,-76.2167,62.65,4.61
385,kyra,100,RU,1624909445,98,49.5776,111.9753,60.75,3.04
386,mwense,23,ZM,1624909445,41,-10.3845,28.698,62.15,2.75
387,rawson,4,AR,1624909250,31,-43.3002,-65.1023,50.04,9.33
388,buraydah,10,SA,1624909446,7,26.326,43.975,95.45,9.22
389,broken hill,0,AU,1624909447,87,-31.95,141.4333,44.31,16.11
390,finschhafen,100,PG,1624909447,90,-6.6024,147.8681,76.23,8.25
391,pljevlja,5,ME,1624909447,66,43.3333,19.3333,72.86,4.07
392,harper,100,LR,1624909448,84,4.375,-7.7169,77.7,8.79
393,derzhavinsk,0,KZ,1624909448,60,51.1,66.3167,67.57,8.21
394,narsaq,100,GL,1624909449,98,60.9167,-46.05,48.42,5.32
395,george,90,ZA,1624909449,87,-33.963,22.4617,49.55,10.36
396,sinnar,100,SD,1624909450,54,13.5691,33.5672,84.88,19.51
397,natchez,90,US,1624909450,88,31.5604,-91.4032,74.64,4.61
398,verkh-usugli,100,RU,1624909451,99,52.7,115.1667,59.23,2.48
399,ahuimanu,75,US,1624909451,54,21.4447,-157.8378,81.1,10.36
400,leshukonskoye,100,RU,1624909452,95,64.8989,45.7622,63.84,3.65
401,marawi,33,PH,1624909452,94,7.9986,124.2928,69.66,2.13
402,sur,0,OM,1624909453,58,22.5667,59.5289,86.09,13.62
403,okhotsk,50,RU,1624909453,88,59.3833,143.3,52.66,4.34
404,coihaique,0,CL,1624909454,46,-45.5752,-72.0662,48.15,3.44
405,quang ngai,69,VN,1624909295,78,15.1167,108.8,78.31,5.61
406,dombarovskiy,95,RU,1624909455,50,50.7587,59.5386,77.18,13.71
407,saint-vallier,95,FR,1624909455,99,46.6411,4.3711,63.79,1.92
408,half moon bay,90,US,1624909456,67,37.4636,-122.4286,70.81,1.01
409,santiago del estero,0,AR,1624909288,20,-27.7951,-64.2615,57.58,1.23
410,palmer,75,US,1624909456,51,42.1584,-72.3287,92.12,3.0
411,kuruman,1,ZA,1624909457,29,-27.4524,23.4325,55.11,6.11
412,melukote,81,IN,1624909457,82,12.6589,76.6506,68.77,7.74
413,itarema,7,BR,1624909458,71,-2.9248,-39.9167,80.6,10.07
414,andenes,75,NO,1624909458,93,69.3143,16.1194,46.4,13.8
415,saint-joseph,32,RE,1624909459,82,-21.3667,55.6167,67.84,10.45
416,sisimiut,100,GL,1624909459,97,66.9395,-53.6735,37.0,7.65
417,binzhou,100,CN,1624909460,72,37.3667,118.0167,77.52,5.19
418,iquique,21,CL,1624909219,72,-20.2208,-70.1431,62.64,8.32
419,badou,77,TG,1624909461,88,7.5833,0.6,74.14,4.27
420,kichera,100,RU,1624909461,84,55.9375,110.0997,56.86,4.07
421,ballina,90,AU,1624909462,100,-28.8667,153.5667,54.77,10.36
422,asuncion nochixtlan,100,MX,1624909462,83,17.4667,-97.2333,59.32,4.18
423,komsomolskiy,22,UZ,1624909463,21,40.4272,71.7189,83.12,11.5
424,iracoubo,100,GF,1624909463,85,5.4802,-53.2011,79.25,5.73
425,xuddur,93,SO,1624909464,65,4.1213,43.8894,74.97,16.75
426,ormara,65,PK,1624909464,81,25.2088,64.6357,82.36,15.35
427,noyabrsk,12,RU,1624909464,71,63.1994,75.4507,45.0,9.51
428,mount gambier,90,AU,1624909465,93,-37.8333,140.7667,44.51,9.22
429,padang,96,ID,1624909465,89,-0.9492,100.3543,75.9,3.53
430,birin,95,NP,1624909466,95,26.8865,88.0718,64.87,0.67
431,mahebourg,20,MU,1624909466,73,-20.4081,57.7,71.89,9.22
432,strezhevoy,100,RU,1624909467,85,60.7333,77.5889,58.98,2.86
433,tempio pausania,0,IT,1624909467,77,40.8974,9.1035,74.32,4.03
434,labuhan,92,ID,1624909468,87,-6.8844,112.2051,77.45,6.76
435,dalbandin,0,PK,1624909468,9,28.8947,64.4101,87.69,0.96
436,zambezi,83,ZM,1624909469,40,-13.5432,23.1047,59.92,3.71
437,turukhansk,89,RU,1624909469,93,65.8167,87.9833,47.14,9.75
438,puerto madero,81,MX,1624909470,69,14.7208,-92.4215,83.64,5.55
439,port macquarie,94,AU,1624909396,81,-31.4333,152.9167,51.94,6.46
440,roald,75,NO,1624909471,82,62.5833,6.1333,54.43,6.91
441,puerto colombia,68,CO,1624909471,76,10.9878,-74.9547,91.49,14.34
442,ust-kuyga,100,RU,1624909472,84,70.0167,135.6,46.36,5.84
443,pedernales,90,DO,1624909472,56,18.0384,-71.744,87.19,3.49
444,saint-augustin,58,CA,1624909473,58,51.226,-58.6502,64.6,11.1
445,lasa,100,IT,1624909473,84,46.6166,10.7002,74.8,4.7
446,leo,0,BF,1624909474,46,11.1,-2.1,85.53,1.07
447,ponnani,11,IN,1624909474,84,10.767,75.9252,79.92,5.79
448,bathsheba,20,BB,1624909475,55,13.2167,-59.5167,88.41,23.02
449,koungheul,7,SN,1624909475,38,13.9833,-14.8,94.21,5.7
450,tecpan,98,GT,1624909476,82,14.7623,-90.9947,65.05,2.55
451,warmbad,5,NA,1624909476,41,-28.45,18.7333,53.82,3.24
452,college,75,US,1624909477,57,64.8569,-147.8028,64.38,3.44
453,redlands,20,US,1624909288,30,34.0556,-117.1825,100.38,4.61
454,gemena,100,CD,1624909477,90,3.25,19.7667,69.64,1.81
455,vila velha,20,BR,1624909281,56,-20.3297,-40.2925,79.97,13.8
456,ende,6,ID,1624909478,85,-8.8432,121.6623,73.94,2.15
457,bouna,3,CI,1624909479,61,9.2667,-3.0,80.83,5.53
458,olafsvik,100,IS,1624909479,83,64.8945,-23.7142,51.13,7.78
459,atherton,100,GB,1624909480,88,53.5237,-2.4935,60.35,3.71
460,aswan,0,EG,1624909480,12,24.0934,32.907,97.16,8.12
461,smoky lake,0,CA,1624909481,39,54.1169,-112.4686,85.87,8.05
462,parksville,0,CA,1624909380,33,49.3163,-124.3195,84.45,10.36
463,manzhouli,90,CN,1624909481,89,49.6,117.4333,63.01,4.56
464,neiafu,20,TO,1624909482,68,-18.65,-173.9833,74.08,8.05
465,dhidhdhoo,100,MV,1624909482,77,6.8833,73.1,82.6,14.99
466,tazovskiy,100,RU,1624909483,86,67.4667,78.7,40.23,15.99
467,nishihara,75,JP,1624909483,94,26.1842,127.7558,79.86,14.97
468,zhuhai,40,CN,1624909484,89,22.2769,113.5678,84.31,13.8
469,marataizes,0,BR,1624909484,79,-21.0433,-40.8244,72.7,16.2
470,oparino,87,RU,1624909485,91,59.8518,48.2783,64.0,3.4
471,faanui,93,PF,1624909485,68,-16.4833,-151.75,80.85,16.93
472,manaus,75,BR,1624909444,65,-3.1019,-60.025,84.69,2.3
473,kupang,0,ID,1624909486,77,-10.1667,123.5833,75.31,12.59
474,ixtapa,90,MX,1624909486,78,20.7,-105.2,79.83,0.0
475,fortuna,20,US,1624909348,67,40.5982,-124.1573,71.53,5.01
476,chaihe,83,CN,1624909487,95,44.7667,129.7,60.78,3.04
477,hwange,5,ZW,1624909488,48,-18.3693,26.5019,63.19,2.77
478,southampton,75,GB,1624909237,91,50.904,-1.4043,63.7,1.99
479,constitucion,13,CL,1624909488,48,-35.3333,-72.4167,56.19,3.74
480,celestun,100,MX,1624909489,61,20.8667,-90.4,87.76,10.16
481,manavalakurichi,18,IN,1624909489,84,8.1333,77.3,80.69,11.86
482,malvern,89,US,1624909490,63,34.3623,-92.813,88.14,7.27
483,kushiro,100,JP,1624909339,97,42.975,144.3747,55.89,2.75
484,qaqortoq,100,GL,1624909491,98,60.7167,-46.0333,48.7,3.22
485,armizonskoye,9,RU,1624909491,69,55.9461,67.6736,62.62,4.76
486,olonets,100,RU,1624909492,78,60.9847,32.9698,66.96,6.46
487,zyryanka,12,RU,1624909492,34,65.75,150.85,76.87,13.73
488,juba,76,SS,1624909493,81,4.8517,31.5825,73.08,4.41
489,yatou,7,CN,1624909493,95,37.15,122.3833,68.02,4.59
490,beloha,0,MG,1624909494,75,-25.1667,45.05,63.82,6.15
491,tessalit,0,ML,1624909494,8,20.1986,1.0114,98.04,8.99
492,daru,85,PG,1624909495,90,-9.0763,143.2092,77.22,14.81
493,hirado,19,JP,1624909495,87,33.3597,129.5531,73.38,15.86
494,sarmanovo,0,RU,1624909496,67,55.2553,52.5891,83.08,3.33
495,emporia,75,US,1624909496,83,38.4039,-96.1817,75.4,8.05
496,warin chamrap,75,TH,1624909496,94,15.1932,104.8628,78.62,3.44
497,otane,91,NZ,1624909497,90,-39.8833,176.6333,39.0,10.63
498,ust-tsilma,100,RU,1624909497,71,65.441,52.1498,59.94,6.31
499,kuji,100,JP,1624909498,91,40.1878,141.7689,61.14,5.32
500,mancio lima,40,BR,1624909498,62,-7.6142,-72.8958,87.87,4.61
501,am timan,69,TD,1624909499,57,11.0297,20.2827,81.63,6.91
502,yumen,2,CN,1624909499,27,40.2833,97.2,64.15,8.14
503,santander jimenez,56,MX,1624909500,37,24.2167,-98.4667,95.52,11.97
504,husavik,100,IS,1624909500,83,66.0449,-17.3389,55.31,4.0
505,kayerkan,100,RU,1624909501,89,69.3497,87.7602,46.35,2.84
506,assiniboia,0,CA,1624909501,33,49.6334,-105.9845,75.02,4.61
507,luderitz,3,NA,1624909502,70,-26.6481,15.1594,58.03,6.44
508,jaciara,94,BR,1624909502,64,-15.9653,-54.9683,63.55,11.92
509,charters towers,100,AU,1624909508,84,-20.1,146.2667,63.48,8.61
510,ust-maya,0,RU,1624909508,68,60.4167,134.5333,64.76,2.1
511,bukavu,85,CD,1624909509,70,-2.5083,28.8608,62.85,1.77
512,ciudad del maiz,100,MX,1624909509,74,22.4,-99.6,75.74,6.49
513,mirassol,0,BR,1624909510,41,-20.8192,-49.5211,74.88,6.91
514,crotone,0,IT,1624909510,77,39.0851,17.1178,82.92,10.63
515,gambela,100,ET,1624909511,93,8.25,34.5833,71.38,4.14
516,sao felix do xingu,11,BR,1624909511,33,-6.6447,-51.995,91.35,2.51
517,ryazanskaya,4,RU,1624909512,91,44.9553,39.5889,71.47,5.39
518,verkhnyaya inta,55,RU,1624909512,63,65.9811,60.3094,50.76,9.86
519,oktyabrskiy,60,RU,1624909513,69,54.4815,53.471,74.34,3.67
520,abapo,100,BO,1624909513,44,-18.8333,-63.4667,48.42,6.71
521,la romana,40,DO,1624909514,58,18.4273,-68.9728,88.16,13.8
522,mildura,2,AU,1624909514,100,-34.2,142.15,40.96,4.61
523,sapulpa,75,US,1624909515,72,35.9987,-96.1142,84.47,3.44
524,sept-iles,40,CA,1624909420,64,50.2001,-66.3821,73.92,16.11
525,russell,40,US,1624909516,51,32.3502,-85.1999,86.97,6.91
526,batagay-alyta,98,RU,1624909517,76,67.8006,130.4114,61.7,3.04
527,konosha,53,RU,1624909518,87,60.9736,40.257,67.95,6.42
528,srednekolymsk,3,RU,1624909519,29,67.45,153.6833,80.98,12.57
529,ust-tarka,72,RU,1624909519,86,55.5672,75.705,57.09,4.21
530,halifax,75,CA,1624909508,57,44.6453,-63.5724,88.57,10.36
531,tairua,100,NZ,1624909520,79,-37.0167,175.85,49.08,15.3
532,asau,12,RO,1624909521,100,46.4333,26.4,64.6,3.78
533,honningsvag,75,NO,1624909521,87,70.9821,25.9704,47.95,10.36
534,acari,12,PE,1624909522,55,-15.4311,-74.6158,72.72,7.45
535,moussoro,76,TD,1624909522,37,13.6408,16.4901,92.88,11.34
536,inirida,88,CO,1624909523,84,3.8653,-67.9239,81.86,1.01
537,cayenne,75,GF,1624909524,82,4.9333,-52.3333,82.09,3.0
538,guaiuba,8,BR,1624909524,70,-4.0397,-38.6372,83.64,5.08
539,mpulungu,27,ZM,1624909525,47,-8.7623,31.1141,69.85,6.89
540,tonk,5,IN,1624909525,24,26.1667,75.7833,97.09,5.91
541,samarai,88,PG,1624909526,85,-10.6167,150.6667,78.67,11.54
542,holalkere,94,IN,1624909526,75,14.0333,76.1833,73.36,12.86
543,bouar,100,CF,1624909527,97,5.934,15.596,63.41,1.3
544,havoysund,94,NO,1624909527,88,70.9963,24.6622,48.43,25.64
545,glendive,1,US,1624909528,35,47.1053,-104.7125,79.27,9.22
546,tukrah,0,LY,1624909529,58,32.5341,20.5791,81.5,9.75
547,poum,7,NC,1624909529,80,-20.2333,164.0167,73.6,14.54
548,tommot,20,RU,1624909530,89,58.9564,126.2925,60.48,3.2
549,surin,100,TH,1624909530,75,14.8818,103.4936,79.95,8.7
550,teguldet,91,RU,1624909531,97,57.3064,88.1667,52.83,4.16
551,igarka,100,RU,1624909531,98,67.4667,86.5833,45.66,7.4
552,umm lajj,0,SA,1624909532,40,25.0213,37.2685,89.85,7.72
553,kanniyakumari,36,IN,1624909532,82,8.0833,77.5667,79.38,15.68
554,kargasok,99,RU,1624909533,70,59.0556,80.8572,54.66,6.24
555,meybod,0,IR,1624909534,11,32.2501,54.0166,89.62,3.85
556,el astillero,40,ES,1624909534,86,43.4009,-3.8205,62.1,16.11
557,kargil,11,IN,1624909535,52,34.5667,76.1,53.82,6.58
558,oriximina,18,BR,1624909535,51,-1.7656,-55.8661,88.65,6.62
